089114311.jpg,running
007379656.jpg,running
055385428.jpg,running
096930254.jpg,running
052309784.jpg,jogging
069574869.jpg,running
045454106.jpg,running
036308230.jpg,walking
086989636.jpg,walking
053116953.jpg,walking
012020906.jpg,running
054448910.jpg,running
000575866.jpg,jogging
032458583.jpg,jogging
039617269.jpg,running
069546721.jpg,running
013516629.jpg,walking
013172877.jpg,walking
081778533.jpg,walking
021351137.jpg,walking
073280154.jpg,walking
054223721.jpg,walking
059034769.jpg,walking
050836055.jpg,walking
029754845.jpg,walking
056502199.jpg,walking
068888530.jpg,walking
087332292.jpg,walking
063629135.jpg,walking
076112154.jpg,walking
016007163.jpg,walking
046155747.jpg,walking
000933162.jpg,walking
024667886.jpg,walking
072646172.jpg,walking
099180995.jpg,walking
009917810.jpg,walking
040149432.jpg,walking
080007097.jpg,walking
035871553.jpg,walking
080443721.jpg,walking
062234326.jpg,walking
047633573.jpg,running
006725591.jpg,walking
084466591.jpg,jogging
043130171.jpg,jogging
084421233.jpg,jogging
048402057.jpg,jogging
051409544.jpg,jogging
030846828.jpg,jogging
032521120.jpg,running
003926941.jpg,running
027199861.jpg,running
000637904.jpg,running
097835479.jpg,running
096574721.jpg,running
039515530.jpg,running
072837085.jpg,jogging
034580610.jpg,jogging
067109316.jpg,jogging
082399765.jpg,running
020408766.jpg,running
046904075.jpg,running
080093872.jpg,running
018015865.jpg,running
010986311.jpg,running
088368397.jpg,running
034292966.jpg,running
068387012.jpg,running
002534860.jpg,running
069004689.jpg,running
031610131.jpg,running
005574085.jpg,running
060981276.jpg,running
024080382.jpg,running
038680724.jpg,jogging
008058081.jpg,jogging
014716325.jpg,jogging
029797724.jpg,jogging
008975950.jpg,running
091082626.jpg,running
012324746.jpg,jogging
030767909.jpg,jogging
092605956.jpg,running
016169455.jpg,running
096583232.jpg,running
037973740.jpg,running
072763114.jpg,running
092260376.jpg,running
048978587.jpg,running
052865660.jpg,running
033444253.jpg,running
051931269.jpg,jogging
019755591.jpg,jogging
080517440.jpg,running
055817118.jpg,running
093286769.jpg,running
092264514.jpg,jogging
050237182.jpg,jogging
032788399.jpg,jogging
001200303.jpg,running
055281488.jpg,running
074066358.jpg,running
048501799.jpg,running
008540303.jpg,running
097246139.jpg,running
051801043.jpg,running
061418624.jpg,running
023660978.jpg,running
048349809.jpg,running
042914949.jpg,running
007489584.jpg,running
010616035.jpg,running
083747252.jpg,running
022726105.jpg,walking
054378707.jpg,walking
069497013.jpg,walking
051109382.jpg,walking
044551781.jpg,walking
096696851.jpg,walking
057119918.jpg,walking
057277028.jpg,jogging
073743144.jpg,jogging
078274567.jpg,walking
084219373.jpg,walking
007252232.jpg,walking
036663770.jpg,running
061912140.jpg,running
015939488.jpg,running
091474933.jpg,running
012115546.jpg,running
008540848.jpg,running
044885137.jpg,running
059901104.jpg,running
022675862.jpg,running
093149039.jpg,running
090841011.jpg,running
078129065.jpg,running
001940125.jpg,running
032700677.jpg,running
095776666.jpg,jogging
007771242.jpg,jogging
053236023.jpg,jogging
030336428.jpg,jogging
039283908.jpg,jogging
017965122.jpg,jogging
057807210.jpg,jogging
095797935.jpg,jogging
041499776.jpg,walking
025666169.jpg,walking
012818807.jpg,running
042535650.jpg,running
024720607.jpg,running
074837525.jpg,running
026203500.jpg,running
088171731.jpg,running
043369693.jpg,walking
020227318.jpg,walking
079416271.jpg,walking
020246754.jpg,walking
095904400.jpg,walking
021999113.jpg,walking
000881483.jpg,walking
071612764.jpg,walking
034443829.jpg,walking
078665252.jpg,walking
033893622.jpg,walking
027737581.jpg,walking
001162660.jpg,running
047353016.jpg,running
079818299.jpg,running
039594110.jpg,running
027146066.jpg,running
029165877.jpg,running
012325562.jpg,running
080576383.jpg,running
000924231.jpg,running
031250546.jpg,running
017441054.jpg,running
058903894.jpg,running
025425240.jpg,running
013688032.jpg,running
068760143.jpg,running
099290349.jpg,running
039564682.jpg,running
062455864.jpg,running
096297594.jpg,running
083153497.jpg,running
046355222.jpg,running
012274005.jpg,walking
025488196.jpg,walking
081362788.jpg,walking
061859696.jpg,walking
003625232.jpg,walking
044683423.jpg,walking
055794874.jpg,walking
056298150.jpg,walking
018690953.jpg,jogging
032346733.jpg,running
035152804.jpg,jogging
006331925.jpg,jogging
087518721.jpg,walking
056189810.jpg,running
043338085.jpg,walking
046822640.jpg,walking
023756584.jpg,jogging
075015482.jpg,walking
016095549.jpg,walking
013645112.jpg,walking
072870925.jpg,walking
092924892.jpg,jogging
044527912.jpg,jogging
098328060.jpg,jogging
029630205.jpg,jogging
024030575.jpg,jogging
063804820.jpg,jogging
037815397.jpg,jogging
062636554.jpg,jogging
068272118.jpg,jogging
055900307.jpg,jogging
012594242.jpg,jogging
018923531.jpg,jogging
028946969.jpg,jogging
089015636.jpg,jogging
017296952.jpg,jogging
092287317.jpg,jogging
052278573.jpg,jogging
071556964.jpg,jogging
011024449.jpg,jogging
026903355.jpg,jogging
095851861.jpg,jogging
073675635.jpg,running
094439770.jpg,running
070926209.jpg,running
042179882.jpg,running
042646480.jpg,running
091868418.jpg,running
057640469.jpg,running
070637921.jpg,running
041703522.jpg,running
072355929.jpg,running
005773628.jpg,walking
037154700.jpg,walking
098128966.jpg,walking
